email,breached
malikhoussem@gmail.com,1
j2sm8r4k@outlook.com,1
a5lfwq9z@yahoo.com,0
p9xk3rd@securitylabs.net,1
m2vzq8@gmail.com,1
t8hh3nx@zoho.com,0
r4kj8mgd2@proton.me,1
qb7xw29beyzp@proton.me,1
k3y9px@icloud.com,1
f4syt9qd@hotmail.com,0
l9nbrc@gmail.com,1
h2t9vl7@mail.com,0
pt6b3zky@outlook.com,1
g3wypwdyn@zoho.com,1
c8cjrtfxt8@icloud.com,1
xhn7kebpvwxz@securitylabs.net,0
prbi3f07q0p@yahoo.com,1
zv9r9u9k@hotmail.com,1
8r2aqwebs8@hotmail.com,0
gqu9o35tr@hotmail.com,1
tjcwta413on@securitylabs.net,1
sm8n1bxri@outlook.com,0
qvertd5j0t@proton.me,1
luhg7ps@company.org,0
fq1nnkupfqy@yahoo.com,1
c106akjtp@hotmail.com,1
rb9via@yahoo.com,1
qhffoubof@company.org,0
pgtqakf@gmail.com,1
fssyz@outlook.com,0
3k0l6kdz@company.org,1
prqzk82@gmail.com,1
74bkkez46f@gmail.com,0
h3ckvhp17@company.org,1
ga7kc2@icloud.com,0
46vgg@yahoo.com,1
ltub6@proton.me,1
4lms8l082w5@securitylabs.net,0
n2i88hrk0j7@proton.me,1
nqn8jiik@company.org,1
9kaz4ly5b8k5@gmail.com,0
lcrvd4vlv@outlook.com,1
kr6y12vk6@zoho.com,0
am1pl86lgmds@proton.me,1
s0jm5@proton.me,1
zsnu2@outlook.com,0
olpfwxh4@outlook.com,1
oxkwt2x2@mail.com,1
f9z2vqxld@mail.com,0
mnkrrnhd33@proton.me,1
b4754scck2@hotmail.com,0
vhjx5f5@icloud.com,1
m3a7ltktno@outlook.com,1
fpl8ty@yahoo.com,0
tfwoqw8b5zpg@company.org,1
r97tlipz91@gmail.com,1
67wtdxz7zi4@company.org,0
yhi2tl1@mail.com,1
cvemipw1yz@securitylabs.net,1
zn92fg9o@outlook.com,1
d2kds5tih@securitylabs.net,0
7n4l1vad@zoho.com,1
7gdyad@hotmail.com,0
sbq8c2zm0h8@zoho.com,1
lju0xkatg@company.org,1
fs2rs41lb@securitylabs.net,1
knsioi4jut4@mail.com,0
ug9na@hotmail.com,1
2w0hzlp@gmail.com,1
8hq2vjj@proton.me,0
c7ztawol@outlook.com,1
qtygingvvsl@outlook.com,0
ppkru@yahoo.com,1
fsxkcidr@mail.com,1
lcs69prn6@zoho.com,0
0qy0rncpm2l@securitylabs.net,1
fcc8oq@mail.com,1
5pxfv66u5rs@gmail.com,0
jpjumnuj0ixj@securitylabs.net,1
3hzfs@hotmail.com,1
md90uoi97@hotmail.com,0
0cam90l6u4@yahoo.com,1
l4aew9ocbse@yahoo.com,1
ysjbtgjb7bu@yahoo.com,0
hr2l7cea@hotmail.com,1
rx26n@yahoo.com,1
fbmjduo@hotmail.com,0
92t89ca9cf8@hotmail.com,1
u7ganno@hotmail.com,1
8p6i7l@icloud.com,1
fnm7r1tx@yahoo.com,0
teody2gsdt@mail.com,1
xjtphkpn9ou@yahoo.com,0
nwwcmk@yahoo.com,1
mgbu7b3vfy@securitylabs.net,0
toyc8sv@gmail.com,1
f5jj5@yahoo.com,1
r8gj3skmspc@yahoo.com,0
v3fx5kmp3@hotmail.com,1
l6lli1bzu@yahoo.com,1
y3ck9@mail.com,1
ia27nn75zk@outlook.com,0
rkgt0emnjeo@gmail.com,1
mfm2vx9@gmail.com,0
ff92x2h@yahoo.com,1
hsehxh7kw@gmail.com,1
rvo9btb@company.org,0
zpw8d@hotmail.com,1
7d6xpr1iw@zoho.com,1
nnxnhg3obdyk@gmail.com,0
7js3q@gmail.com,1
vakwq@icloud.com,1
w7d06k@outlook.com,0
f2xlunb86ay1@icloud.com,1
qliawxol2@hotmail.com,1
il450l9feof@proton.me,0
3n8rdswxomce@outlook.com,1
ypnb4k17x@company.org,1
hbeobl4zm9o@zoho.com,0
dlmh5vw@hotmail.com,1
n1nnny@proton.me,1
hz7ndsv@icloud.com,1
fuvgvki@company.org,1
fz0927tbot@icloud.com,0
ao4jq00@gmail.com,1
1izmzhw@gmail.com,0
9l5iml0s@zoho.com,1
lval0ei@proton.me,1
pxe7nejulnzo@zoho.com,1
c9zb6ye643y@company.org,0
7bazrc3yvvg@yahoo.com,1
nr1bst0n8af@yahoo.com,1
jkhijlhba@gmail.com,0
wzspbfh5phm@zoho.com,1
sfqpgn6ibc5c@company.org,1
7vy1a4e@outlook.com,0
zah8vfjje5@securitylabs.net,1
sswmo3las1g@securitylabs.net,0
sssjcg0@hotmail.com,1
20xp41xr8n8@company.org,1
myyzm29r@outlook.com,0
y8b7i@hotmail.com,1
s86hductblhj@yahoo.com,1
wwhorbznc@icloud.com,0
xi3et1sey@yahoo.com,1
8ef6d1@securitylabs.net,1
idfreqltil@proton.me,0
lbd3ui5@icloud.com,1
0s9sb8zth3z8@outlook.com,1
jhtwj556or5h@gmail.com,0
g6oxumog3m@gmail.com,1
jruzjqev417h@gmail.com,1
ib2mur94z@proton.me,1
tc9je2ai@hotmail.com,0
dwxa0m@gmail.com,1
1k3rc51e@zoho.com,1
zwkfaob@zoho.com,0
g36r7@zoho.com,1
ssa55@outlook.com,1
9oktwa7m7@company.org,0
f5h04owbvd@gmail.com,1
0ju5xuv@securitylabs.net,1
bpzt0omuw41@company.org,1
f8icfn4hnaik@icloud.com,0
v4d0qu7jt9w@outlook.com,1
satz5rmqfd@proton.me,0
3n9xa@zoho.com,1
jkkp63boky2@outlook.com,1
99194b8vki3c@mail.com,0
6uupeex@proton.me,1
5rg52cpi@zoho.com,1
0i9aekj@proton.me,0
y4qrfkrl3o7@icloud.com,1
lj5ompk6@proton.me,1
it0uadk@company.org,1
dsc5zmgog2x@proton.me,1
d1p104@icloud.com,0
csqjrqknbk@securitylabs.net,0
9w1j4orp1ff@company.org,1
l57zohpxp3s@zoho.com,1
g7dbdl4eky@securitylabs.net,0
t37n0ivq4@gmail.com,1
g0ijg2ged6x@gmail.com,0
aa2l1t58a@proton.me,1
hs0bbqx1kkju@proton.me,1
tvx0u9gdgd0@company.org,1
naz2cpf@icloud.com,0
g1zk0@yahoo.com,1
fkkod3ojkl@mail.com,1
v15l2qbn@securitylabs.net,0
kyj7yhs@hotmail.com,1
5sz4p@icloud.com,1
f76va91p@zoho.com,1
bu9b4b0df@icloud.com,0
06awi88krowf@mail.com,1
i77eogt77j7a@proton.me,0
utmxnba59@zoho.com,1
wwpzmsg@proton.me,1
7ufwjed4q0u@outlook.com,0
cls8p2eg@proton.me,1
ja0175j3@securitylabs.net,1
hybm56jj@zoho.com,0
c9vtf5rozqm0@company.org,1
yw20x5rq@company.org,0
7tj0t@yahoo.com,1
0716cq2jl5br@hotmail.com,0
ri93n9xh3@securitylabs.net,1
6k3fp2f7@hotmail.com,1
00w24vgmh2@gmail.com,1
sohfd@company.org,0
a25z6i57@mail.com,1
8zalby77@gmail.com,0
983duumf@proton.me,1
hm6zj5ehbv3d@outlook.com,1
focgln8iogv@mail.com,0
s0nji3@zoho.com,1
2r8v3kq0@securitylabs.net,1
cfovx@hotmail.com,1
g3dzu0es@icloud.com,0
01rmfl@securitylabs.net,1
pcyo6m1mt@mail.com,0
pkjqxlcasxn@zoho.com,1
r0qsvxd@outlook.com,1
samgpwe@outlook.com,0
t8vcoax4icb3@yahoo.com,1
7cspidj7b@securitylabs.net,0
sj77wr@gmail.com,1
9pn9a3c@zoho.com,0
21at441q@proton.me,1
zpkyizgfvv@yahoo.com,0
0xydklqguz@zoho.com,1
s1s0xaqbk@proton.me,1
0ck6fx5zg05@zoho.com,0
kz5x0gcrcno@outlook.com,1
n9mgqt@hotmail.com,0
qrnrub66wf@mail.com,0
qydovyat@gmail.com,1
hc5s904pebe@icloud.com,1
5lr0jv@proton.me,0
ldry23y82j@outlook.com,1
2byfh@zoho.com,1
0eisu9mtc3sp@mail.com,1
m1efd@gmail.com,0
7xhra9slh@proton.me,1
reps502f@proton.me,1
fr45jyui3z76@outlook.com,1
a0c8vs6pw@icloud.com,1
7g7d1b7tn68a@company.org,0
fkndrw@securitylabs.net,1
ys025mb@proton.me,1
nihlrods@zoho.com,0
mpisl43@hotmail.com,1
o7h4ob4s2@gmail.com,0
o2cgg4zvd1b@icloud.com,1
im1jzrrt@icloud.com,1
j5p1la7@securitylabs.net,0
wj0iwihzebr@zoho.com,1
c7mmjzu6@zoho.com,1
b1ah1hxlnrfv@gmail.com,0
flql0jp@securitylabs.net,1
s0iz55w32gg@mail.com,1
jury35g8yur@company.org,0
yfl15700v@securitylabs.net,1
toj252@mail.com,0
ara8k4@proton.me,1
m8bzaet@gmail.com,1
f8x06vto1w@yahoo.com,0
cpayndrxhc@mail.com,1
tfm5fg@gmail.com,0
71kchrggefa@hotmail.com,1
xhqazjrstqr3@outlook.com,0
yhgrdack0i40@outlook.com,1
waqaild7opj@gmail.com,0
615zq1j3adp@outlook.com,1
aii0xl@proton.me,1
9guqelwc8@securitylabs.net,0
lhzwg@yahoo.com,1
26b0jgt4@securitylabs.net,1
47l18h@mail.com,0
if9cq7@proton.me,1
2u7wwck82@mail.com,1
h57wcyy@company.org,1
4ycja@outlook.com,0
09oapy@hotmail.com,1
rpjlc0seuor@proton.me,0
wf1n5u35hn@gmail.com,1
l53hfo@outlook.com,0
l04it5v1vj2@icloud.com,1
u00f1lx8m2@hotmail.com,1
dxh816bsa@company.org,1
ov9xl7@mail.com,0
8mbryf5@company.org,1
trppp1u@zoho.com,0
io1ov6@proton.me,1
4p853i@mail.com,0
hm2dq7e4@icloud.com,1
kdpp9kkqbz2u@securitylabs.net,0
f83uw4krckc6@company.org,1
bh3e8io@zoho.com,1
ghmfo0i2jq@icloud.com,0
8vtyu9drc4w@securitylabs.net,1
se09t2tq@company.org,0
hzjqvt@hotmail.com,0
4298pv@yahoo.com,1
ip449ng5q@proton.me,1
i6q2x8@outlook.com,0
ex8ydjgo@icloud.com,1
auogdgq8n35u@yahoo.com,0
otvczchx@hotmail.com,1
guh9pwi@yahoo.com,1
snvzla@proton.me,0
9avxmji@gmail.com,1
0bbo8qgg@mail.com,1
ovl73msbo76k@yahoo.com,0
eubruko34@company.org,1
ov6s5@securitylabs.net,0
1hlxn9@mail.com,1
600rd1w53bl@zoho.com,1
glhq54cmx1@outlook.com,0
s7sd9t@company.org,1
4r54e@gmail.com,1
fiodmrn@proton.me,1
xbr7z@outlook.com,0
8hdicp@company.org,1
f2yjuu33@icloud.com,0
r3undr0c1@yahoo.com,1
ekc6i@hotmail.com,0
bp4tysy@outlook.com,1
qlytefw0@zoho.com,1
cgi9d2vq9f@zoho.com,0
jfr0apurvrn@mail.com,1
rpzur5bobt@gmail.com,0
g66lds2qw29t@hotmail.com,1
fclaqhl@mail.com,0
fr17dmdbh@zoho.com,1
5w6e9eh@hotmail.com,1
40avpli6g@gmail.com,1
pmt7pdq7wog@icloud.com,0
7i66hyo2@outlook.com,0
vxpigcc@company.org,0
js0z87w@securitylabs.net,1
haejr9@gmail.com,1
q6943kk@hotmail.com,0
juiiintj4ux@gmail.com,1
lwoj0ni439of@mail.com,1
57yzpnk@company.org,0
fh1oq8qmw1r@securitylabs.net,1
0xc0p352h@zoho.com,1
lw90aga5@zoho.com,0
wgkbtbp@company.org,1
4hcvyecvtkqk@zoho.com,1
cwtgk6bd6@icloud.com,1
85sclnh@hotmail.com,1
28wcd@yahoo.com,0
d720j44@hotmail.com,1
6epe5h9b@securitylabs.net,1
gu6v06btieu@proton.me,0
qj8izdl@mail.com,1
9d9thn@zoho.com,0
z2e3qc18@gmail.com,1
999te@gmail.com,1
s2yi2dlj@icloud.com,1
937tlb@icloud.com,0
quwa2yqc@outlook.com,1
6y1htl8m@mail.com,0
d6y5ysvrca35@mail.com,1
p6gfw@hotmail.com,0
12qqajug@yahoo.com,1
xut15f@icloud.com,1
o9b6ejmrimd@securitylabs.net,0
724er3a4mlh@zoho.com,1
vgk3rz9aslx@icloud.com,1
b5934voxy7yf@securitylabs.net,0
s3o10vfx3wj@zoho.com,0
6vtibvvodbcp@zoho.com,1
8c8d8@proton.me,0
cxnkyia1figv@icloud.com,1
f4g4g@securitylabs.net,0
8lrryqtouu@outlook.com,1
fa46n@outlook.com,0
klbdm8idn3@icloud.com,1
ivukbqdx8t@zoho.com,0
4mlwk@yahoo.com,1
yk1izx8vhr@hotmail.com,1
e5xoo5ogh10@proton.me,0
da7323xjbh6@zoho.com,1
lbsea4gim@outlook.com,1
1q7q05@securitylabs.net,1
tz9357djg82@mail.com,1
gj0vhog7@icloud.com,0
lm3mxqmj4wo@icloud.com,1
1fosun03@icloud.com,1
8jkhbv@mail.com,0
b00pk@company.org,1
f950acp3@zoho.com,1
xf4izva2hj@securitylabs.net,0
nbiyf5@hotmail.com,1
5cot6i3ww@hotmail.com,0
yjeyglcl@hotmail.com,0
9oq9sumyaz@gmail.com,1
c1eoe05@zoho.com,1
sd1s1kqiy@gmail.com,0
s8ig5ifzji4u@zoho.com,1
624lwitlucpu@zoho.com,0
645jectoa20@company.org,1
w468od@yahoo.com,0
e0hfmo4rryu5@icloud.com,1
vrvpj@yahoo.com,1
p0tmh@hotmail.com,1
emzldv3k@mail.com,0
26krklpl@mail.com,1
20s8a@gmail.com,1
3yeknfexvp7y@hotmail.com,0
abzzw2w7u0c@outlook.com,1
oun20ja7g@mail.com,1
zvvv7yisnd@yahoo.com,0
kovmmlr@icloud.com,0
hhkk9ws@yahoo.com,1
av6xl754@icloud.com,1
sx6tys@hotmail.com,0
irhxpgihhw@proton.me,1
g8wt00cou@gmail.com,1
tg27gzvf8@securitylabs.net,0
kvry136@securitylabs.net,1
t372ggc@icloud.com,0
qb863b3r6w@securitylabs.net,1
mmar2@company.org,0
yc0bey6gz5@icloud.com,1
hkz6exlym2i@gmail.com,0
u5zfztwrulgi@icloud.com,1
g35d96@proton.me,0
vpcuf@outlook.com,0
d2y83gr4vg2@hotmail.com,1
gjxrpjbsoi0p@zoho.com,0
pfiwvp51l66@hotmail.com,1
cvliz@zoho.com,0
zacu5xeyu51u@proton.me,1
ytfezhp@zoho.com,1
d4c78z@hotmail.com,0
ryou2h@proton.me,1
w6xybts60bb@icloud.com,0
orukz50rzkx@securitylabs.net,1
z0fk2xx@outlook.com,1
xpdpd@company.org,0
mdc6s@proton.me,1
a84hl@icloud.com,1
gfkkwmp@company.org,1
biaknmummp@gmail.com,0
4ysjsmm8x0n@hotmail.com,1
pmtp8jivox@mail.com,1
w3bqe@icloud.com,1
i571b@gmail.com,0
u48uw9gi09l1@company.org,1
j4tas6@icloud.com,1
9odzbmeum5@proton.me,0
pzc55cb9ziy@proton.me,1
lpt943@yahoo.com,1
4o6pib2n@company.org,1
mpph18by@outlook.com,0
b508gy89ojed@gmail.com,1
xmtx8nr8l@proton.me,1
w58xzm65jq@yahoo.com,1
kj0np9w@icloud.com,0
njadb1h57s@yahoo.com,1
ha3o85djsjq@outlook.com,1
w49pv@proton.me,0
z431e4cgsq@icloud.com,1
mxr955@mail.com,0
3g9ek3mb7c7k@mail.com,1
nwc73tgcifn1@yahoo.com,0
v2qgsu5@hotmail.com,1
cdzi1r4@mail.com,0
q93ypw@icloud.com,1
txxhnlpr8q5@mail.com,0
wgc4nt6wvt7@securitylabs.net,1
yw29bkf31a8@icloud.com,0
edu5qnov3@yahoo.com,1
4zyntszswzw@gmail.com,1
thsjto3p@icloud.com,1
tsg4a9um@zoho.com,0
4rpwn7365y@gmail.com,1
7dykr@securitylabs.net,0
bqb8gju1wl@gmail.com,0
346coi0nsf@mail.com,1
ejdrso46ahk@zoho.com,1
ulialtcq@zoho.com,0
p7u0ebx@proton.me,1
72c5m8r271@company.org,0
3c2e12fu@outlook.com,1
gnew5n@securitylabs.net,0
b787195m34v@icloud.com,1
4pzzsotkdvgn@icloud.com,0
ixm21m@yahoo.com,1
0vihxe@securitylabs.net,1
bm75ibv0ybk@company.org,0
2uk212@icloud.com,1
agcp4ss57klj@company.org,1
7drwf@gmail.com,1
ql5mhw9l9@outlook.com,0
9dedf4f@securitylabs.net,1
8zvyhi6thik@outlook.com,0
rc6zjpruke7@mail.com,0
jv9k3hsx0qrt@gmail.com,1
lropf03tdm@securitylabs.net,1
o9t3awdthhu3@icloud.com,0
nhg13@icloud.com,1
e5rqf9@yahoo.com,0
k5sb9qck33@company.org,1
0odso@yahoo.com,1
fd9buq2264v9@securitylabs.net,1
cs4cl2x4uw@company.org,0
p9ue52o1cr9@yahoo.com,1
4ap0zan@hotmail.com,0
vmo8xy@icloud.com,1
544mpwrkmf@yahoo.com,1
1vstc26@icloud.com,0
291mqmkfwbz9@outlook.com,1
o1oayg3zcxj@yahoo.com,0
ne1u4x@zoho.com,1
u3bs5emu88fe@icloud.com,1
wgq04ib3w8p@zoho.com,0
cac7yo85sb@company.org,1
wnszwi4f@mail.com,0
eydz3@outlook.com,1
5jd7j@company.org,1
6emvx@icloud.com,0
rpdzzb@securitylabs.net,0
3g07uxu44re@yahoo.com,1
bwgctumfq9ue@zoho.com,0
16mobduns5f9@yahoo.com,1
zv9dk@yahoo.com,0
z88h2h6lc@icloud.com,1
5iu1p3rk@zoho.com,1
lpd2fdvoa4s@mail.com,0
lsoo82l24@company.org,1
xmtrvq@yahoo.com,0
yqoqq66iti@outlook.com,1
n7p89@yahoo.com,0
1ahos@proton.me,1
pc8s86d6@securitylabs.net,0
auxk4hn@company.org,1
a2wu5b1@yahoo.com,1
kyizrm@proton.me,0
yyote23gt@proton.me,1
1ih9s5qktn@hotmail.com,0
810lmvz3@securitylabs.net,1
at87zc88u@mail.com,0
22zl8vv@company.org,1
nmnez3@icloud.com,1
6utg8lwkx@mail.com,0
jocc9@hotmail.com,1
pphzg@proton.me,0
8x4grzf7@company.org,1
dzpks0@yahoo.com,0
uhxw6zszf@mail.com,1
1sc4v@proton.me,1
3oa660k2r@company.org,0
uyspxfnm@company.org,0
76yxi@hotmail.com,1
r2hxbcr5kz@mail.com,0
kb6xndj0u@company.org,1
21p9wp7fh@yahoo.com,1
t3oit6f@icloud.com,0
136fbwf298b3@proton.me,1
428o96@gmail.com,0
tizbdpd8gc0@proton.me,1
la4jero@hotmail.com,0
4apme33e5@mail.com,1
mom9vsk@icloud.com,1
yxb1b8w3@hotmail.com,1
6dtom40ovg@proton.me,0
rp5oaky2@zoho.com,1
n7eas0wge5i@yahoo.com,0
mbkn2p4mecg@company.org,1
3as6y0bgx@gmail.com,1
78xfz@mail.com,0
rajizpzh@gmail.com,0
2zc95bnq@hotmail.com,1
52oxsse0vo@gmail.com,1
mloyv6n5dx@outlook.com,0
qsv7a@icloud.com,1
houzs339st@company.org,0
h11bk7p2h@securitylabs.net,1
38rifgb16gn3@proton.me,0
thghs1u@yahoo.com,1
mox2hwt5dx0@zoho.com,0
b6eyxq@gmail.com,1
8hjlzv@zoho.com,1
uzisu@outlook.com,0
vcd8us5udl2@securitylabs.net,1
fqrazqmvypd5@yahoo.com,1
vggyf548bqh@yahoo.com,0
7u67pqd0aj9@outlook.com,1
a49flyjq7w96@outlook.com,0
ink6d2mqy4@mail.com,1
mb8tqm@company.org,0
k3cukunhr@outlook.com,1
us5gz7nd0ikm@outlook.com,0
dnfeu@mail.com,1
4ye3f28q9q@icloud.com,1
1gbotd@outlook.com,0
36u3s2ni56n@yahoo.com,1
2rjdj6e0@company.org,0
ngll5czp8k@mail.com,1
y4zjio1n@securitylabs.net,0
zalzoupv3@proton.me,1
gsk8wn2@hotmail.com,0
maysolrdo7q@gmail.com,1
14iw2@proton.me,1
ar0lp1y@company.org,0
kl0xo263@mail.com,1
77n2zlhy8@company.org,1
1857bb9@securitylabs.net,0
rxd68bv5@icloud.com,1
9dxpo9buf@proton.me,0
4mut9@proton.me,1
2cc1bw2s@hotmail.com,0
v5bwnikrchrp@securitylabs.net,1
sj6n5v3@yahoo.com,0
c6ks8g66j@company.org,1
xus79e@yahoo.com,1
8d5xt9f@proton.me,0
kjhhop6zp2rb@icloud.com,1
c6c6p@gmail.com,0
9yizg2xup5gs@icloud.com,1
buw2gwbm@securitylabs.net,1
xa433hok@yahoo.com,1
ab4xlu9y@company.org,0
dbljzk@securitylabs.net,0
9iqdo6l@gmail.com,1
3oxowqa@yahoo.com,0
k9p68@outlook.com,1
ng8qy2200@company.org,1
x2rg4vkuiqw@zoho.com,0
r2h53nshm@zoho.com,1
9odxom@hotmail.com,1
0ym8rfwb@icloud.com,1
dut1k35c82f@icloud.com,0
m9oa31rhb8@securitylabs.net,1
xmutlni@proton.me,0
9lo9qeg4cc@proton.me,1
qg21ozqpzs@mail.com,1
59v6mctv6@proton.me,0
irqwwoqg@proton.me,1
sjwnng7@securitylabs.net,0
uwvl3@proton.me,1
78jna2gb1@zoho.com,0
zgsffo9ma@gmail.com,1
j0kql9p12z@hotmail.com,0
zxjo464s@gmail.com,1
h4kalhy@gmail.com,0
ucoewkmsfaws@zoho.com,0
m2m9m4r50j@zoho.com,1
udqselipcbv@icloud.com,0
ebn4pru@proton.me,1
cpb5v9@outlook.com,0
0zhpsdp611@outlook.com,1
hb71q40q@outlook.com,0
12ifmvf6y3n@proton.me,1
dlkt9n5jjqht@gmail.com,1